{
  "providers": [
    {
      "type": "bitmap",
      "file": "minecraft:font/ranks/owner.png",
      "ascent": 8,
      "shift": [0.0, 0.0],
      "height": 9,
      "chars": [
        "\uEff1"
      ]
    },
    {
      "type": "bitmap",
      "file": "minecraft:font/ranks/admin.png",
      "ascent": 8,
      "shift": [0.0, 0.0],
      "height": 9,
      "chars": [
        "\uEff2"
      ]
    },
    {
      "type": "bitmap",
      "file": "minecraft:font/ranks/mod.png",
      "ascent": 8,
      "shift": [0.0, 0.0],
      "height": 9,
      "chars": [
        "\uEff3"
      ]
    },
    {
      "type": "bitmap",
      "file": "minecraft:font/ranks/default.png",
      "ascent": 8,
      "shift": [0.0, 0.0],
      "height": 9,
      "chars": [
        "\uEff4"
      ]
    }
  ]
}